{
  "description": {
    "title": "Formas de Pagamento ",
    "text": "Pix, Boleto Bancário. Ou  Até 12x no Cartão de Credito."
  },
  "links_1": {
    "list_pages": true,
    "title": "",
    "list": []
  },
  "links_2": {
    "list_categories": true,
    "title": "Categorias",
    "list": []
  },
  "contacts": {
    "title": "Contatos",
    "phone_wpp": true,
    "socials": true,
    "email": true,
    "address": true
  },
  "stamps": [
    {
      "src": "/img/uploads/ssl-safe.png",
      "alt": "Pagamento",
      "link": ""
    },
    {
      "src": "/img/uploads/1-pg-mercado-pago.jpg"
    }
  ],
  "payment_methods": {
    "bb": true,
    "visa": true,
    "boleto": true,
    "aura": true,
    "banrisul": false,
    "elo": true,
    "hipercard": false,
    "hsbc": false,
    "bradesco": true,
    "santander": false,
    "mastercard": true,
    "paypal": true,
    "citibank": true,
    "diners": true,
    "mais": true,
    "pix": true,
    "amex": true,
    "itau": true
  },
  "credits": "©2023 Todos os direitos reservados. A loja May Grife   "
}