{
  "marketing_stripe": {
    "text": "PARCELE SUAS COMPRAS EM ATÉ 12x VEZES  NO CARTÃO DE CREDITO ",
    "link": "/promotion",
    "color": "#fcf9f9",
    "background": "#fb0922"
  },
  "contacts_stripe": {
    "pages": [
      {
        "title": "Site Seguro!"
      },
      {
        "title": "Entregamos Para Todo o Brasil "
      }
    ],
    "phone_wpp": true,
    "socials": true
  },
  "categories_list": {
    "featured": [],
    "random": 6,
    "full_width": false
  },
  "desktop_megamenu": false,
  "search_input": true,
  "alphabetical_order_submenu": false,
  "full_width_submenu": true,
  "popup": ""
}