{
  "meta_title": "Perfumes  ",
  "meta_description": "Saúde e Beleza",
  "sections": [
    {
      "type": "banner-slider",
      "autoplay": 9000,
      "full_width": true,
      "slides": [
        {
          "start": "",
          "end": "",
          "img": "/img/uploads/banner-g.jpg",
          "alt": "Banner sample two",
          "mobile_img": "/img/uploads/banner-g.jpg"
        },
        {
          "start": "",
          "end": "",
          "img": "/img/uploads/banner-1.webp",
          "mobile_img": "/img/uploads/banner-1.webp"
        },
        {
          "start": "",
          "end": "",
          "img": "/img/uploads/banner-maygrife.webp",
          "mobile_img": "/img/uploads/banner-maygrife.webp"
        },
        {
          "start": "",
          "end": "",
          "img": "/img/uploads/bamnner-oui.jpg",
          "mobile_img": "/img/uploads/bamnner-oui.jpg"
        }
      ]
    },
    {
      "type": "dynamic-showcase",
      "load_more": true,
      "sort": "views"
    },
    {
      "type": "brands-carousel",
      "limit": 48,
      "offset": 0,
      "sort": "name",
      "autoplay": 1000
    },
    {
      "type": "shelfs-nav",
      "shuffle": true,
      "limit": 12,
      "page": 1,
      "collection_ids": [
        "63496c7773321213f8ab77a4:categories:Maquiagem:/maquiagem"
      ],
      "sort": "sales",
      "shelfs_title": "",
      "autoplay": 1000
    },
    {
      "type": "shelfs-nav",
      "shuffle": true,
      "limit": 12,
      "page": 1,
      "collection_ids": [
        "634973c373321213f8ab85c2:categories:Corpo e Banho:/pele"
      ],
      "sort": "offers",
      "shelfs_title": "",
      "autoplay": 0
    },
    {
      "type": "shelfs-nav",
      "shuffle": true,
      "limit": 12,
      "page": 1,
      "collection_ids": [
        "645d1cd34bd2e929c1f81cd4:categories:Saúde e Beleza:/fitness"
      ],
      "sort": "news",
      "autoplay": 1000
    },
    {
      "autoplay": 2000,
      "page": 1,
      "title": "Perfumes Originais Masculinos",
      "shuffle": true,
      "headless": false,
      "type": "collection-shelf",
      "link": "https://maygrife.com.br/perfumes-masculinos",
      "limit": 20,
      "collection_id": "64fa705b2cd6b65959428d4a:categories:Perfumes Masculinos:/perfumes-masculinos",
      "sort": "views"
    },
    {
      "autoplay": 1000,
      "page": 1,
      "title": "Perfumes Originais Femininos",
      "shuffle": true,
      "headless": false,
      "type": "collection-shelf",
      "link": "https://maygrife.com.br/perfumes-femininos",
      "limit": 24,
      "collection_id": "64fa75852cd6b659594290ae:categories:Perfumes Femininos:/perfumes-femininos",
      "sort": "views"
    }
  ]
}